segment,n,mean,std,min,median,max
Retail_Mortgage,2747,0.4179677875877279,0.0,0.4179677875877279,0.4179677875877279,0.4179677875877279
Corp_TermLoan,1075,0.2297496149481577,0.0,0.2297496149481577,0.2297496149481577,0.2297496149481577
SME_TermLoan,1327,0.2046297501563148,0.0,0.2046297501563148,0.2046297501563148,0.2046297501563148
Retail_PL,1136,0.0563493579088401,0.0,0.0563493579088401,0.0563493579088401,0.0563493579088401
Revolving,580,-0.0681600436624572,0.0,-0.0681600436624572,-0.0681600436624572,-0.0681600436624572
