segment,target_mean,pd_anchor_shift
Corp_TermLoan,0.01564789439181778,0.2297496149481577
Retail_Mortgage,0.006375391165962334,0.4179677875877279
Retail_PL,0.03599019508196019,0.0563493579088401
Revolving,0.045444214310124964,-0.0681600436624572
SME_TermLoan,0.025745455078979376,0.2046297501563148
