segment,target_mean,pd_anchor_shift
Corp_TermLoan,0.016686594664604374,0.7969163097000405
Retail_Mortgage,0.006477237621369597,1.0675122020826309
Retail_PL,0.03582207764737185,0.6007838455701238
Revolving,0.04616060192139473,-0.37198380620118043
SME_TermLoan,0.02803563220133814,0.08201429730637488
