split,auc,ks,n,defaults,citl_delta
train,0.7378501369843676,0.3671461834889542,453007,9819,0.0001554076764245238
test,0.7357516414980854,0.36520908824040116,168166,2563,0.0001554076764245238
