segment,ecl_reported,pd_scenario_component,lgd_downturn_component,ead_ccf_component
SME_TermLoan,22366727.11902405,5277448.515703574,0.0,0.0
Corp_TermLoan,21382199.758112647,6083546.161432873,0.0,0.0
Retail_Mortgage,14927667.308966944,6279717.544620328,0.0,0.0
Revolving,3053884.284666164,634447.7069917764,0.0,1184646.9157302326
Retail_PL,2785817.553471952,257243.4749792586,0.0,0.0
