segment,ecl_reported,pd_scenario_component,lgd_downturn_component,ead_ccf_component
Retail_Mortgage,5052920.982032816,4552452.5868735965,0.0,0.0
Corp_TermLoan,4885026.9605499515,4402608.757614351,0.0,0.0
SME_TermLoan,3836524.02835824,2919217.6942613814,0.0,0.0
Retail_PL,411354.4510528833,274629.93190261023,0.0,0.0
Revolving,287613.9443866939,152180.52153994594,0.0,125443.0490977355
