scenario,weight,unweighted_sum,weighted_contribution,weighted_share
Base,0.6,2172350.8741886998,1303410.5245132197,0.09005533525676643
Upside,0.2,683937.2725349517,136787.45450699035,0.009450928807826857
Downside,0.2,65166211.936801866,13033242.387360374,0.9004937359354067
