scenario,weight,unweighted_sum,weighted_contribution,weighted_share
Base,0.6,44920117.44892725,26952070.46935635,0.4264486211130518
Upside,0.2,28496545.085496865,5699309.017099373,0.09017720825576532
Downside,0.2,152749171.4701149,30549834.294022977,0.4833741706311829
