segment,ead_default_sum,pv_recoveries_sum,ecl_sum,n,implied_lgd
SME_TermLoan,25010395.78839443,9713463.845064616,15296931.943329813,282,0.611622945624397
Corp_TermLoan,25079060.566013876,10697373.791673884,14381686.774339994,126,0.5734539671645225
Retail_Mortgage,21750947.5413664,13924759.472397758,7826188.068968642,96,0.3598090636780138
Retail_PL,2756303.956807335,554379.3147996496,2201924.6420076853,397,0.7988685850736887
Revolving,2602894.1807085495,403056.26901369967,2199837.91169485,234,0.8451507279854222
