segment,ead_default_sum,pv_base,pv_up,pv_dn,pv_w,ecl_base,ecl_up,ecl_dn,ecl_w,n,lgd_base,lgd_up,lgd_dn,lgd_w
SME_TermLoan,25010395.78839443,9764572.355937162,14948410.912659237,4325191.244852361,9713463.845064616,15245823.432457268,10061984.875735193,20685204.54354207,15296931.943329813,282,0.6095794549373659,0.40231210097059933,0.8270642623392878,0.611622945624397
Corp_TermLoan,25079060.566013876,10851245.545980403,15473827.722041469,5459304.59838674,10697373.791673884,14227815.020033475,9605232.84397241,19619755.967627138,14381686.774339994,126,0.5673184999327459,0.3829981118586646,0.7823162241657102,0.5734539671645225
Retail_Mortgage,21750947.5413664,14199986.786573196,17158696.62134526,9865140.380923936,13924759.472397758,7550960.7547932025,4592250.920021138,11885807.160442462,7826188.068968642,96,0.34715548554529085,0.2111287754838037,0.546450086270393,0.3598090636780138
Retail_PL,2756303.956807335,554592.3496410927,890153.2111543235,217966.3139206467,554379.3147996496,2201711.6071662423,1866150.7456530114,2538337.6428866885,2201924.6420076853,397,0.7987912950342804,0.6770482410127945,0.9209207992528081,0.7988685850736887
Revolving,2602894.1807085495,399841.08332253137,672864.1545594785,142893.94054142566,403056.26901369967,2203053.0973860184,1930030.026149071,2460000.240167124,2199837.91169485,234,0.8463859628693441,0.7414938495977144,0.9451019017213648,0.8451507279854222
